"","AGCAGTAGGGAATCTTCCACAATGGACGAAAGTCTGATGGAGCAACGCCGCGTGAGTGAAGAAGGTTTTCGGATCGTAAAGCTCTGTTGTTGGTGAAGAAGGATAGAGGTAGTAACTGGCCTTTATTTGACGGTAATCAACCAGAAAGTCACGGCTAACTACGTGCCAGCAGCCGCGGTAATACGTAGGTGGCAAGCGTTGTCCGGATTTATTGGGCGTAAAGCGAGCGCAGGCGGATTGATAAGTCTGATGTGAAAGCCTTCGGCTCAACCGAAGAACTGCATCAGAAACTGTCAATCTTGAGTGCAGAAGAGGAGAGTGGAACTCCATGTGTAGCGGTGGAATGCGTAGATATATGGAAGAACACCAGTGGCGAAGGCGGCTCTCTGGTCTGTAACTGACGCTGAGGCTCGAAAGCATGGGTAGCGAACAGGATTAG","AGCAGTAGGGAATCTTCCACAATGGACACAAGTCTGATGGAGCAACGCCGCGTGAGTGAAGAAGGGTTTCGGCTCGTAAAGCTCTGTTGGTAGTGAAGAAAGATAGAGGTAGTAACTGGCCTTTATTTGACGGTAATTACTTAGAAAGTCACGGCTAACTACGTGCCAGCAGCCGCGGTAATACGTAGGTGGCAAGCGTTGTCCGGATTTATTGGGCGTAAAGCGAGTGCAGGCGGTTCAATAAGTCTGATGTGAAAGCCTTCGGCTCAACCGGAGAATTGCATCAGAAACTGTTGAACTTGAGTGCAGAAGAGGAGAGTGGAACTCCATGTGTAGCGGTGGAATGCGTAGATATATGGAAGAACACCAGTGGCGAAGGCGGCTCTCTGGTCTGCAACTGACGCTGAGGCTCGAAAGCATGGGTAGCGAACAGGATTAG","AGCAGTGGGGAATATTGGACAATGGAGGAAACTCTGATCCAGCAATTCTGTGTGTGTGAAGAAGGTTTTAGGACTGTAAAACACTTTTAGTAGGGAAGAAAAAAATGACGGTACCTACAGAAGAAGCAACGGCTAAATACGTGCCAGCAGCCGCGGTAATACGTATGTTGCGAGCGTTATCCGGAATTATTGGGCTTAAAGGGCATCTAGGCGGTAAGACAAGTTGAAGGTGAAAACCTGTGGCTCAACCATAGGCTTGCCTACAAAACTGTTGAACTAGAGTACTGGAAAGGTGGGTGGAACTACACGAGTAGAGGTGAAATTCGTAGATATGTGTAGGAATGCCGATGATGAAGATAACTCACTGGACAGAAACTGACGCTGAAGTGCGAAAGCTAGGGGAGCAAACAGGATTAG","AGCAGTGGGGAATCTTGCACAATGGGCGAAAGCCTGATGCAGCGACGCCGCGTGCGGGATGAAGGCCTTCGGGTTGTAAACCGCTTTCAGCAGGGACGAGGCCGCAAGGTGACGGTACCTGCAGAAGAAGCCCCGGCTAACTACGTGCCAGCAGCCGCGGTAATACGTAGGGGGCAAGCGTTATCCGGATTCATTGGGCGTAAAGCGCGCGTAGGCGGTCTGTTAGGTCAGGAGTTAAATCTGGGGGCTCAACCCCTATCCGCTCCTGATACCGGCAGGCTTGAGTCTGGTAGGGGAAGATGGAATTCCAAGTGTAGCGGTGAAATGCGCAGATATTTGGAAGAACACCGGTGGCGAAGGCGGTCTTCTGGGCCATGACTGACGCTGAGGCGCGAAAGCTAGGGGAGCGAACAGGATTAG","AGCAGTGGGGAATATTGGGCAATGGGCGAAAGCCTGACCCAGCAACGCCGCGTGAAGTATGAAGGCCTTCGGGTTGTAAACTTCTTTGATCAGGGAAGAAACAAATGACGGTACCTGAAAAACAAGCCACGGCTAACTACGTGCCAGCAGCCGCGGTAATACGTAGGTGGCGAGCGTTATCCGGATTTACTGGGTGTAAAGGGCGTGCAGGCGGGCTGATAAGTCAGATGTGAAATCCCCGAGCTTAACTCGGGAACTGCATCTGATACTGTTGGTCTTGAGTGCTGGAGAGGATAGTGGAATTCCTAGTGTAGCGGTAAAATGCGCAGATATTAGGAGGAACACCAGTGGCGAAGGCGGCTATCTGGACAGTAACTGACGCTGAGGCGCGAAAGCGTGGGTAGCAAACAGGATTAG","AGCAGTGGGGAATCTTCCGCAATGGACGAAAGTCTGACGGAGCAACGCCGCGTGAGTGAAGACGGTCTTCGGATTGTAAAGCTCTGTTATACGGGACGAACGGCAAGGTGGTAAATAGCCATCATGAGTGACGGTACCGTAAGAGAAAGCCACGGCTAACTACGTGCCAGCAGCCGCGGTAATACGTAGGTGGCAAGCGTTGTCCGGAATTATTGGGCGTAAAGGGCGCGCAGGCGGTTTTTTAAGTCGGTCTTAAAAGTGCGGGGCTTAACCCCGTGAGGGGACCGAAACTGGAAGACTTGAGTGTCGGAGAGGAAAGCGGAATTCCTAGTGTAGCGGTGAAATGCGTAGATATTAGGAGGAACACCGGTGGCGAAAGCGGCTTTCTGGACGACAACTGACGCTGAGGCGCGAAAGCGTGGGGAGCAAACAGGATTAG","TGCAGTAGGGAATCTTCCACAATGGACGAAAGTCTGATGGAGCAACGCCGCGTGAGTGAAGAAGGTTTTCGGATCGTAAAGCTCTGTTGTTGGTGAAGAAGGATAGAGGTAGTAACTGGCCTTTATTTGACGGTAATCAACCAGAAAGTCACGGCTAACTACGTGCCAGCAGCCGCGGTAATACGTAGGTGGCAAGCGTTGTCCGGATTTATTGGGCGTAAAGCGAGCGCAGGCGGATTGATAAGTCTGATGTGAAAGCCTTCGGCTCAACCGAAGAACTGCATCAGAAACTGTCAATCTTGAGTGCAGAAGAGGAGAGTGGAACTCCATGTGTAGCGGTGGAATGCGTAGATATATGGAAGAACACCAGTGGCGAAGGCGGCTCTCTGGTCTGTAACTGACGCTGAGGCTCGAAAGCATGGGTAGCGAACAGGATTAG","AGCAGTAGGGAATCTTCCACAATGGACGCAAGTCTGATGGAGCAACGCCGCGTGAGTGAAGAAGGGTTTCGGCTCGTAAAGCTCTGTTGTTGGTGAAGAAGGACAGGGGTAGTAACTGACCTTTGTTTGACGGTAATCAATTAGAAAGTCACGGCTAACTACGTGCCAGCAGCCGCGGTAATACGTAGGTGGCAAGCGTTGTCCGGATTTATTGGGCGTAAAGCGAGTGCAGGCGGCTCGATAAGTCTGATGTGAAAGCCTTCGGCTCAACCGGAGAATTGCATCAGAAACTGTCGAGCTTGAGTACAGAAGAGGAGAGTGGAACTCCATGTGTAGCGGTGAAATGCGTAGATATATGGAAGAACACCGGTGGCGAAGGCGGCTCTCTGGTCTGTTACTGACGCTGAGGCTCGAAAGCATGGGTAGCGAACAGGATTAG","AGCAGTGGGGAATATTGCACAATGGGCGAAAGCCTGATGCAGCGACGCCGCGTGAGCGAAGAAGTATTTCGGTATGTAAAGCTCTATCAGAAGGGAAGAAAATGACGGTACCTTACTAAGAAGCTCCGGCTAAATACGTGCCAGCAGCCGCGGTAATACGTATGGAGCAAGCGTTATCCGGATTTACTGGGTGTAAAGGGAGTGTAGGCGGCACTATAAGTCTGATGTGAAAACCTAAGGCTTAACCATAGGATTGCATTGGAAACTGTAGAGCTGGAGTATCGGAGAGGCAAGCGGAATTCCTGGTGTAGTGGTGAAATACGTAGATATCAGGAAGAACATCGGTGGCGAAGGCGGCTTGCTGGACGATAACTGACGCTAAGGCTCGAAAGCGTGGGAAGCGAACAGGATTAG","AGCAGTGGGGAATATTGCGCAATGGGGGAAACCCTGACGCAGCAACGCCGCGTGCGGGATGAAGGCCTTCGGGTTGTAAACCGCTTTCAGCAGGGAAGACATCGACGGTACCTGCAGAAGAAGCCCCGGCTAACTACGTGCCAGCAGCCGCGGTAATACGTAGGGGGCGAGCGTTATCCGGATTCATTGGGCGTAAAGCGCGCGCAGGCGGTTGCTCAAGCGGAACCTCTAATCTCGGGGCTTAACCTCGAGCCGGGTTCCGAACTGGACGACTCGAGTGCGGTAGAGGCAGATGGAATTCCCGGTGTAGCGGTGGAATGCGCAGATATCGGGAAGAACACCAACGGCGAAGGCAGTCTGCTGGGCCGTCACTGACGCTGAGGCGCGAAAGCTGGGGGAGCGAACAGGATTAG","AGCAGTAGGGAATCTTCCACAATGGACGCAAGTCTGATGGAGCAACGCCGCGTGAGTGAAGAAGGTTTTCGGATCGTAAAGCTCTGTTGTTGGTGAAGAAGGATAGAGGTAGTAACTGGCCTTTATTTGACGGTAATCAACCAGAAAGTCACGGCTAACTACGTGCCAGCAGCCGCGGTAATACGTAGGTGGCAAGCGTTGTCCGGATTTATTGGGCGTAAAGCGAGCGCAGGCGGAAGAATAAGTCTGATGTGAAAGCCCTCGGCTTAACCGAGGAACTGCATCGGAAACTGTTTTTCTTGAGTGCAGAAGAGGAGAGTGGAACTCCATGTGTAGCGGTGGAATGCGTAGATATATGGAAGAACACCAGTGGCGAAGGCGGCTCTCTGGTCTGCAACTGACGCTGAGGCTCGAAAGCATGGGTAGCGAACAGGATTAG","AGCAGTAGGGAATCTTCCGCAATGGACGCAAGTCTGACGGAGCAACGCCGCGTGAGTGAAGAAGGTTTTCGGATCGTAAAACTCTGTTGTAAGAGAAGAACAAATTGTAGAGTAACTGCTACAGTCTTGACGGTATCTTACCAGAAAGCCACGGCTAACTACGTGCCAGCAGCCGCGGTAATACGTAGGTGGCAAGCGTTGTCCGGATTTATTGGGCGTAAAGGGGGCGCAGGCTGCTTCTTAAGTCTGATGTGAAAGCCCACGGCTTAACCGTGGAAGTGCATTGGAAACTGGGAAGCTTGAGTACAGAAGAGGAAAGTGGAACTCCATGTGTAGCGGTGGAATGCGTAGATATATGGAAGAACACCAGTGGCGAAAGCGACTTTCTGGTCTGTCACTGACGCTGAGGCCCGAAAGCGTGGGTAGCAAACAGGATTAG","AGCAGTAGGGAATCTTCCACAATGGACGCAAGTCTGATGGAGCAACGCCGCGTGAGTGAAGAAGGGTTTCGGCTCGTAAAGCTCTGTTGTTGGTGAAGAAGGACAGGGGTAGTAACTGACCTTTGTTTGACGGTAATCAATTAGAAAGTCACGGCTAACTACGTGCCAGCAGCCGCGGTAATACGTAGGTGGCAAGCGTTGTCCGGATTTATTGGGCGTAAAGCGAGTGCAGGCGGTTCGATAAGTCTGATGTGAAAGCCTTCGGCTCAACCGGAGAATTGCATCAGAAACTGTCGAGCTTGAGTACAGAAGAGGAGAGTGGAACTCCATGTGTAGCGGTGAAATGCGTAGATATATGGAAGAACACCGGTGGCGAAGGCGGCTCTCTGGTCTGTTACTGACGCTGAGGCTCGAAAGCATGGGTAGCGAACAGGATTAG","AGCAGTAGGGAATCTTCCACAATGGACGCAAGTCTGATGGAGCAACGCCGCGTGAGTGAAGAAGGTTTTCGGATCGTAAAGCTCTGTTGTTGGTGAAGAAGGATAGAGGCAGTAACTGGCCTTTATTTGACGGTAATCAACCAGAAAGTCACGGCTAACTACGTGCCAGCAGCCGCGGTAATACGTAGGTGGCAAGCGTTGTCCGGATTTATTGGGCGTAAAGCGAGCGCAGGCGGAAGAATAAGTCTGATGTGAAAGCCCTCGGCTTAACCGAGGAACTGCATCGGAAACTGTTTTTCTTGAGTGCAGAAGAGGAGAGTGGAACTCCATGTGTAGCGGTGGAATGCGTAGATATATGGAAGAACACCAGTGGCGAAGGCGGCTCTCTGGTCTGCAACTGACGCTGAGGCTCGAAAGCATGGGTAGCGAACAGGATTAG","AGCAGTGGGGAATATTGGGCAATGGGCGAAAGCCTGACCCAGCAACGCCGCGTGAGTGATGAAGGCCTTCGGGTTGTAAAACTCTTTGGACAGGGACGAAGAAAGTGACGGTACCTGTAGAACAAGCCACGGCTAACTACGTGCCAGCAGCCGCGGTAATACGTAGGTGGCGAGCGTTATCCGGATTTACTGGGCGTAAAGGGCGTGTAGGCGGCTAGATAAGTGTGATGTTTAAATCCAAGGCTTAACCTTGGGGTTCATTACAAACTGTTTAGCTTGAGTGCTGGAGAGGATAGTGGAATTCCTAGTGTAGCGGTAAAATGCGTAGATATTAGGAGGAACACCGGTGGCGAAGGCGGCTATCTGGACAGTAACTGACGCTGAGGCGCGAAAGCGTGGGGAGCAAACAGGATTAG","TGCAGTAGGGAATCTTCCACAATGGACACAAGTCTGATGGAGCAACGCCGCGTGAGTGAAGAAGGGTTTCGGCTCGTAAAGCTCTGTTGGTAGTGAAGAAAGATAGAGGTAGTAACTGGCCTTTATTTGACGGTAATTACTTAGAAAGTCACGGCTAACTACGTGCCAGCAGCCGCGGTAATACGTAGGTGGCAAGCGTTGTCCGGATTTATTGGGCGTAAAGCGAGTGCAGGCGGTTCAATAAGTCTGATGTGAAAGCCTTCGGCTCAACCGGAGAATTGCATCAGAAACTGTTGAACTTGAGTGCAGAAGAGGAGAGTGGAACTCCATGTGTAGCGGTGGAATGCGTAGATATATGGAAGAACACCAGTGGCGAAGGCGGCTCTCTGGTCTGCAACTGACGCTGAGGCTCGAAAGCATGGGTAGCGAACAGGATTAG","AGCAGTGAGGAATATTGGTCAATGGACGCAAGTCTGAACCAGCCAAGTAGCGTGCAGGATGACGGCCCTATGGGTTGTAAACTGCTTTTATATGGGGATAAAGTGGGGAACGTGTTCCCTTTTGCAGGTACCATATGAATAAGGACCGGCTAATTCCGTGCCAGCAGCCGCGGTAATACGGAAGGTTCGGGCGTTATCCGGATTTATTGGGTTTAAAGGGAGCGTAGGCCGTTTGGTAAGCGTGTTGTGAAATGTAGGAGCTCAACTTCTAGATTGCAGCGCGAACTGTCAGACTTGAGTGCGCACAACGTAGGCGGAATTCATGGTGTAGCGGTGAAATGCTTAGATATCATGAAGAACTCCGATTGCGAAGGCAGCTTACGGGAGCGCAACTGACGCTGAAGCTCGAAGGTGCGGGTATCGAACAGGATTAG","AGCAGTGGGGAATCTTCCGCAATGGGCGAAAGCCTGACGGAGCAACGCCGCGTGAGTGAAGACGGCCTTCGGGTTGTAAAACTCTGTGATTCGGGACGAAAGATAAGCAGACGAATAATCTACATAAGTGACGGTACCGAAAAAGCAAGCCACGGCTAACTACGTGCCAGCAGCCGCGGTAATACGTAGGTGGCAAGCGTTGTCCGGAATTATTGGGCGTAAAGCGCGCGCAGGCGGCTACTTAAGTCCATCTTAAAAGTGCGGGGCTTAACCCCGTGATGGGATGGAAACTGAGAAGCTGGAGTGTCGGAGAGGAAAGTGGAATTCCTAGTGTAGCGGTGAAATGCGTAGAGATTAGGAAGAACACCGGTGGCGAAGGCGACTTTCTGGACGACAACTGACGCTTAGGCGCGAAAGCGTGGGGAGCAAACAGGATTAG","AGCAGTAGGGAATCTTCCACAATGGACGCAAGTCTGATGGAGCAACGCCGCGTGAGTGAAGAAGGTTTTCGGATCGTAAAGCTCTGTTGTTGGTGAAGAAGGATAGAGGTAGTAACTGGCCTTTATTTGACGGTAATCAACCAGAAAGTCACGGCTAACTACGTGCCAGCAGCCGCGGTAATACGTAGGTGGCAAGCGTTGTCCGGATTTATTGGGCGTAAAGCGAGCGCAGGCGGATTGATAAGTCTGATGTGAAAGCCTTCGGCTCAACCGAAGAACTGCATCAGAAACTGTCAATCTTGAGTGCAGAAGAGGAGAGTGGAACTCCATGTGTAGCGGTGGAATGCGTAGATATATGGAAGAACACCAGTGGCGAAGGCGGCTCTCTGGTCTGTAACTGACGCTGAGGCTCGAAAGCATGGGTAGCGAACAGGATTAG","AGCAGTGAGGAATATTCCACAATGGGCGAAAGCCTGATGGAGCAATGCCGCGTGCAGGATGAAGGCCCTCGGGTCGTAAACTGCTTTTATTAGAGAAGAATATGACGGTAACTAATGAATAAGGGACGGCTAACTACGTGCCAGCAGCCGCGGTCATACGTAGGTCCCAAGCGTTATCCGGAGTGACTGGGCGTAAAGAGTTGCGTAGGCGGCTAAGTAAGCGAGTAATGAAAACTATCGGCTCAACCGGTAGCCTGTTATTCGAACTGCTTGGCTCGAGATTATCAGAGGTCGCTGGAATTCCTAGTGTAGCAGTGAAATGCGTAGATATTAGGAAGAACACCAATGGCGTAGGCAGGCGACTGGGGTATTTCTGACGCTAAGGCACGAAAGCGTGGGGAGCGAACCGGATTAG","AGCAGTGGGGAATCTTCCGCAATGGACGAAAGTCTGACGGAGCAACGCCGCGTGAGTGAAGACGGCCTTCGGGTTGTAAAGCTCTGTGATTCGGGACGAAAGGCCATATGTGAATAATATATGGAAATGACGGTACCGAAAAAGCAAGCCACGGCTAACTACGTGCCAGCAGCCGCGGTAATACGTAGGTGGCAAGCGTTGTCCGGAATTATTGGGCGTAAAGCGCGCGCAGGCGGTCACTTAAGTCCATCTTAGAAGTGCGGGGCTTAACCCCGTGATGGGATGGAAACTGGGAGACTGGAGTATCGGAGAGGAAAGTGGAATTCCTAGTGTAGCGGTGAAATGCGTAGATATTAGGAAGAACACCGGTGGCGAAGGCGACTTTCTGGACGAAAACTGACGCTGAGGCGCGAAAGCGTGGGGAGCAAACAGGATTAG","TGCAGTGGGGAATATTGGACAATGGAGGAAACTCTGATCCAGCAATTCTGTGTGTGTGAAGAAGGTTTTAGGACTGTAAAACACTTTTAGTAGGGAAGAAAAAAATGACGGTACCTACAGAAGAAGCAACGGCTAAATACGTGCCAGCAGCCGCGGTAATACGTATGTTGCGAGCGTTATCCGGAATTATTGGGCTTAAAGGGCATCTAGGCGGTAAGACAAGTTGAAGGTGAAAACCTGTGGCTCAACCATAGGCTTGCCTACAAAACTGTTGAACTAGAGTACTGGAAAGGTGGGTGGAACTACACGAGTAGAGGTGAAATTCGTAGATATGTGTAGGAATGCCGATGATGAAGATAACTCACTGGACAGAAACTGACGCTGAAGTGCGAAAGCTAGGGGAGCAAACAGGATTAG","AGCAGTGGGGAATCTTCCGCAATGGACGAAAGTCTGACGGAGCAACGCCGCGTGAGTGAAGACGGTCTTCGGATTGTAAAGCTCTGTTATACGGGACGAATGGCAAGGTGGTAAATAGCCATCATGAGTGACGGTACCGTAAGAGAAAGCCACGGCTAACTACGTGCCAGCAGCCGCGGTAATACGTAGGTGGCAAGCGTTGTCCGGAATTATTGGGCGTAAAGGGCGCGCAGGCGGTTTTTTAAGTCGGTCTTAAAAGTGCGGGGCTTAACCCCGTGAGGGGACCGAAACTGGAAGACTTGAGTGTCGGAGAGGAAAGCGGAATTCCTAGTGTAGCGGTGAAATGCGTAGATATTAGGAGGAACACCGGTGGCGAAAGCGGCTTTCTGGACGACAACTGACGCTGAGGCGCGAAAGCGTGGGGAGCAAACAGGATTAG","AGCAGTGAGGAATATTGGTCAATGGGCGAGAGCCTGAACCAGCCAAGTAGCGTGCAGGATGACGGCCCTATGGGTTGTAAACTGCTTTTATATGGGAATAAAGTGAGGGACGTGTCCCTTATTGCATGTACCATATGAATAAGGACCGGCTAATTCCGTGCCAGCAGCCGCGGTAATACGGAAGGTCCAGGCGTTATCCGGATTTATTGGGTTTAAAGGGAGCGTAGGCTGTTTGTTAAGCGTGTTGTGAAATGTAAGAGCTCAACTTTTAGATTGCAGCGCGAACTGGCAGACTTGAGTGCGCACAACGTAGGCGGAATTCATGGTGTAGCGGTGAAATGCTTAGATATCATGACGAACTCCGATTGCGAAGGCAGCTTACGGGAGCGCAACTGACGCTAAAGCTCGAAGGTGCGGGTATCGAACAGGATTAG","AGCAGTGGGGAATATTGCACAATGGGGGAAACCCTGATGCAGCGACGCCGCGTGAGCGAAGAAGGTTTTCGAATCGTAAAGCTCTGTCCTATGAGAAGATAATGACGGTATCATAGGAGGAAGCCCCGGCTAAATACGTGCCAGCAGCCGCGGTAATACGTATGGGGCGAGCGTTGTCCGGAATTATTGGGCGTAAAGGGTACGTAGGCGGTCTATTAAGTCAGGTGTGAAAGCGTGAGGCTTAACCTCATTAAGCACTTGAAACTGATAGACTTGAGTGAAGGAGAGGAAAGTGGAATTCCTAGTGTAGCGGTGAAATGCGTAGATATTAGGAGGAATACCGGTGGCGAAGGCGACTTTCTGGACTTTTACTGACGCTCAGGTACGAAAGCGTGGGGAGCAAACAGGATTAG","AGCAGTGAGGAATATTGGTCAATGGGCGAGAGCCTGAACCAGCCAAGTAGCGTGCAGGATGACGGCCCTATGGGTTGTAAACTGCTTTTATGTGGGGATAAAGTGCGTGACGTGTCATGCATTGCAGGTACCACATGAATAAGGACCGGCTAATTCCGTGCCAGCAGCCGCGGTAATACGGAAGGTCCGGGCGTTATCCGGATTTATTGGGTTTAAAGGGAGCGTAGGCTGTCTATTAAGCGTGTTGTGAAATTTACCGGCTCAACCGGTGGCTTGCAGCGCGAACTGGTCGACTTGAGTATGCAGGAAGTAGGCGGAATTCATGGTGTAGCGGTGAAATGCTTAGATATCATGACGAACTCCGATTGCGCAGGCAGCTTACTGTAGCATAACTGACGCTGATGCTCGAAAGTGCGGGTATCAAACAGGATTAG","TGCAGTGGGGAATATTGCACAATGGGCGAAAGCCTGATGCAGCGACGCCGCGTGAGCGAAGAAGTATTTCGGTATGTAAAGCTCTATCAGAAGGGAAGAAAATGACGGTACCTTACTAAGAAGCTCCGGCTAAATACGTGCCAGCAGCCGCGGTAATACGTATGGAGCAAGCGTTATCCGGATTTACTGGGTGTAAAGGGAGTGTAGGCGGCACTATAAGTCTGATGTGAAAACCTAAGGCTTAACCATAGGATTGCATTGGAAACTGTAGAGCTGGAGTATCGGAGAGGCAAGCGGAATTCCTGGTGTAGTGGTGAAATACGTAGATATCAGGAAGAACATCGGTGGCGAAGGCGGCTTGCTGGACGATAACTGACGCTAAGGCTCGAAAGCGTGGGAAGCGAACAGGATTAG","AGCAGTGGGGAATCTTCCGCAATGGACGAAAGTCTGACGGAGCAACGCCGCGTGAGTGAAGAAGGTCTTCGGATTGTAAAGCTCTGTTATACGGGACGAAAAAGACGGATGCCAACAGTATCCGTCCGTGACGGTACCGTAAGAGAAAGCCACGGCTAACTACGTGCCAGCAGCCGCGGTAATACGTAGGTGGCAAGCGTTGTCCGGAATTATTGGGCGTAAAGGGCGCGCAGGCGGTTCGGTAAGTCTGTCTTAAAAGTGCGGGGCTTAACCCCGTGAGGGGACGGAAACTGTCGAACTTGAGTGTCGGAGAGGAAAGCGGAATTCCTAGTGTAGCGGTGAAATGCGTAGATATTAGGAGGAACACCGGTGGCGAAAGCGGCTTTCTGGACGACAACTGACGCTGAGGCGCGAAAGCGTGGGGAGCAAACAGGATTAG","AGCAGTGGGGAATATTGCGCAATGGGGGAAACCCTGACGCAGCGACGCCGCGTGCGGGATGAAGGCCTTCGGGTTGTAAACCGCTTTTGATTGGGAGCAAGCCTTCGGGTGAGTGTACCTTTCGAATAAGCGCCGGCTAACTACGTGCCAGCAGCCGCGGTAATACGTAGGGCGCAAGCGTTATCCGGATTTATTGGGCGTAAAGAGCTTGTAGGCGGTTCGTCGCGTCTGGTGTGAAAGCCCATCGCTTAACGGTGGGTCTGCGCCGGGTACGGGCGGGCTAGAGTGCAGTAGGGGAAACTGGAATTCTCGGTGTAACGGTGGAATGTGTAGATATCGGGAAGAACACCAATGGCGAAGGCAGGTTTCTGGGCTGTTACTGACGCTGAGAAGCGAAAGCGTGGGGAGCGAACAGGATTAG","AGCAGTGGGGAATATTGCGCAATGGGGGAAACCCTGACGCAGCGACGCCGCGTGCGGGATGAAGGCCTTCGGGTTGTAAACCGCTTTTGATTGGGAGCAAGCTTTCGGGTGAGTGTACCTTTCGAATAAGCGCCGGCTAACTACGTGCCAGCAGCCGCGGTAATACGTAGGGCGCAAGCGTTATCCGGAATTATTGGGCGTAAAGAGCTTGTAGGCGGTTCGTCGCGTCTGGTGTGAAAGCCCATCGCTTAACGGTGGGTCTGCGCCGGGTACGGGCGGGCTAGAGTGCAGTAGGGGAGACTGGAATTCCCGGTGTAACGGTGGAATGTGTAGATATCGGGAAGAACACCAATGGCGAAGGCAGGTCTCTGGGCTGTTACTGACGCTGAGAAGCGAAAGCGTGGGGAGCGAACAGGATTAG","AGCAGTGGGGAATATTGCACAATGGGCGCAAGCCTGATGCAGCCATGCCGCGTGTATGAAGAAGGCCTTCGGGTTGTAAAGTACTTTCAGCGGGGAGGAAGGGAGTAAAGTTAATACCTTTGCTCATTGACGTTACCCGCAGAAGAAGCACCGGCTAACTCCGTGCCAGCAGCCGCGGTAATACGGAGGGTGCAAGCGTTAATCGGAATTACTGGGCGTAAAGCGCACGCAGGCGGTTTGTTAAGTCAGATGTGAAATCCCCGGGCTCAACCTGGGAACTGCATCTGATACTGGCAAGCTTGAGTCTCGTAGAGGGGGGTAGAATTCCAGGTGTAGCGGTGAAATGCGTAGAGATCTGGAGGAATACCGGTGGCGAAGGCGGCCCCCTGGACGAAGACTGACGCTCAGGTGCGAAAGCGTGGGGAGCAAACAGGATTAG","AGCAGTGAGGAATATTGGTCAATGGGCGAGAGCCTGAACCAGCCAAGTAGCGTGCAGGAAGACGGCCCTATGGGTTGTAAACTGCTTTTATGTGGGGATAAAGTGCGTGACGTGTCATGCATTGCAGGTACCACATGAATAAGGACCGGCTAATTCCGTGCCAGCAGCCGCGGTAATACGGAAGGTCCGGGCGTTATCCGGATTTATTGGGTTTAAAGGGAGCGTAGGCTGTCTATTAAGCGTGTTGTGAAATATACCGGCTCAACCGGTGGCTTGCAGCGCGAACTGGTCGACTTGAGTATGCAGGAAGTAGGCGGAATTCATGGTGTAGCGGTGAAATGCTTAGATATCATGACGAACTCCGATTGCGCAGGCAGCTTACTGTAGCATAACTGACGCTGATGCTCGAAAGTGCGGGTATCAAACAGGATTAG","AGCAGTGAGGAATATTGGTCAATGGGCGAGAGCCTGAACCAGCCAAGTAGCGTGCAGGATGACGGCCCTATGGGTTGTAAACTGCTTTTATGTGGGGATAAAGTGCGTGACGTGTCATGCATTGCAGGTACCACATGAATAAGGACCGGCTAATTCCGTGCCAGCAGCCGCGGTAATACGGAAGGTCCGGGCGTTATCCGGATTTATTGGGTTTAAAGGGAGCGTAGGCTGTCTATTAAGCGTGTTGTGAAATATACCGGCTCAACCGGTGGCTTGCAGCGCGAACTGGTCGACTTGAGTATGCAGGAAGTAGGCGGAATTCATGGTGTAGCGGTGAAATGCTTAGATATCATGACGAACTCCGATTGCGCAGGCAGCTTACTGTAGCATAACTGACGCTGATGCTCGAAAGTGCGGGTATCAAACAGGATTAG"
"m23n715-s522",0,0,454,295,82,0,0,0,317,293,118,141,232,0,214,0,0,184,103,119,151,115,0,0,0,85,90,53,46,0,9,0,0
"m48n729-s520",705,554,0,125,303,333,246,354,0,0,110,122,74,183,0,223,132,0,0,0,0,0,63,89,62,0,0,0,0,15,0,0,0
"m22n729-s521",1338,217,0,134,184,314,255,219,0,0,108,78,0,138,0,44,73,0,0,0,0,0,91,75,102,0,0,0,0,0,0,0,0
"m23n715-s520",485,510,0,106,291,222,167,289,0,0,163,114,48,146,0,152,143,0,0,0,0,0,54,70,44,0,0,0,0,12,6,0,24
"m23n715-s521",1297,279,0,161,160,339,351,175,0,0,151,77,0,161,0,71,81,0,0,0,0,0,138,91,88,0,0,0,0,12,0,0,0
"m22n729-s520",565,628,0,202,438,327,177,450,0,0,117,177,94,223,0,162,142,0,0,0,0,0,109,93,76,0,0,0,0,21,0,0,0
"m22n729-s522",0,0,822,487,190,0,0,0,504,378,174,136,265,0,282,0,0,202,126,187,188,159,0,0,0,130,123,77,61,0,17,0,0
"m48n729-s521",2490,465,0,210,287,544,650,306,0,0,144,114,66,274,0,118,177,0,145,0,0,0,141,131,160,41,0,0,0,20,0,38,0
"m48n729-s522",0,0,1340,705,242,0,0,0,781,705,231,303,383,0,419,0,0,311,270,315,272,323,0,0,0,236,193,196,127,0,12,0,0
